Unnamed: 0_level_0_Week,Unnamed: 1_level_0_Day,Unnamed: 2_level_0_Date,Unnamed: 3_level_0_Unnamed: 3_level_1,Unnamed: 4_level_0_Unnamed: 4_level_1,Unnamed: 5_level_0_OT,Unnamed: 6_level_0_Unnamed: 6_level_1,Unnamed: 7_level_0_Opp,Score_Tm,Score_Opp,Passing_Cmp,Passing_Att,Passing_Yds,Passing_TD,Passing_Int,Passing_Sk,Passing_Yds.1,Passing_Y/A,Passing_NY/A,Passing_Cmp%,Passing_Rate,Rushing_Att,Rushing_Yds,Rushing_Y/A,Rushing_TD,Scoring_FGM,Scoring_FGA,Scoring_XPM,Scoring_XPA,Punting_Pnt,Punting_Yds,Downs_3DConv,Downs_3DAtt,Downs_4DConv,Downs_4DAtt,Unnamed: 35_level_0_ToP,TeamCode,OriginalTable
1,Sun,September 10,boxscore,L,,@,Baltimore Ravens,9,25,28,44,196,0,0,5,46,5.5,4.0,63.6,73.7,23,72,3.1,0,3,3,0,0,4,176,7,18,1,4,29:05,2023,gamelog2023
2,Sun,September 17,boxscore,L,,,Indianapolis Colts,20,31,30,47,337,2,0,6,47,8.2,6.4,63.8,99.3,26,52,2.0,0,2,3,2,2,3,127,9,19,2,2,34:58,2023,gamelog2023
3,Sun,September 24,boxscore,W,,@,Jacksonville Jaguars,37,17,20,30,280,2,0,0,0,9.3,9.3,66.7,118.7,26,86,3.3,1,3,3,4,4,4,173,9,15,0,0,27:57,2023,gamelog2023
4,Sun,October 1,boxscore,W,,,Pittsburgh Steelers,30,6,17,31,312,3,0,0,0,10.1,10.1,54.8,122.0,38,139,3.7,0,3,3,3,3,3,114,6,12,0,1,32:35,2023,gamelog2023
5,Sun,October 8,boxscore,L,,@,Atlanta Falcons,19,21,20,35,249,1,0,0,0,7.1,7.1,57.1,88.9,23,64,2.8,0,4,4,1,1,6,234,4,13,0,0,24:28,2023,gamelog2023
6,Sun,October 15,boxscore,W,,,New Orleans Saints,20,13,13,27,177,2,1,2,22,7.4,6.1,48.1,78.8,31,120,3.9,0,2,2,2,2,5,237,4,11,0,0,28:27,2023,gamelog2023
8,Sun,October 29,boxscore,L,,@,Carolina Panthers,13,15,16,24,119,0,0,2,21,5.8,4.6,66.7,78.3,30,110,3.7,2,0,0,1,1,6,287,5,12,1,1,29:31,2023,gamelog2023
9,Sun,November 5,boxscore,W,,,Tampa Bay Buccaneers,39,37,30,42,443,5,0,3,27,11.2,9.8,71.4,145.1,17,53,3.1,0,2,2,1,1,3,174,3,11,1,1,28:40,2023,gamelog2023
10,Sun,November 12,boxscore,W,,@,Cincinnati Bengals,30,27,23,39,356,1,1,1,0,9.1,8.9,59.0,87.1,34,188,5.5,2,3,3,3,3,4,169,4,13,0,1,31:30,2023,gamelog2023
11,Sun,November 19,boxscore,W,,,Arizona Cardinals,21,16,28,38,308,2,3,4,30,8.9,7.3,73.7,81.9,25,111,4.4,1,0,1,3,3,2,94,9,13,0,1,31:15,2023,gamelog2023
12,Sun,November 26,boxscore,L,,,Jacksonville Jaguars,21,24,26,36,261,2,0,4,43,8.4,6.5,72.2,111.0,18,91,5.1,1,0,2,3,3,4,192,6,13,0,1,26:06,2023,gamelog2023
13,Sun,December 3,boxscore,W,,,Denver Broncos,22,17,17,28,264,1,0,5,28,10.4,8.0,60.7,103.9,30,89,3.0,1,3,3,1,1,7,354,4,16,1,1,33:04,2023,gamelog2023
14,Sun,December 10,boxscore,L,,@,New York Jets,6,30,11,28,54,0,0,5,41,3.4,1.6,39.3,47.3,19,81,4.3,1,0,0,0,1,8,405,1,12,0,3,22:55,2023,gamelog2023
15,Sun,December 17,boxscore,W,OT,@,Tennessee Titans,19,16,23,36,192,1,1,4,37,6.4,4.8,63.9,75.2,32,148,4.6,0,4,4,1,1,6,280,4,15,1,1,36:32,2023,gamelog2023
16,Sun,December 24,boxscore,L,,,Cleveland Browns,22,36,26,49,178,2,2,3,33,4.3,3.4,53.1,58.0,16,72,4.5,0,0,0,2,2,6,266,5,15,1,3,26:26,2023,gamelog2023
17,Sun,December 31,boxscore,W,,,Tennessee Titans,26,3,24,32,201,1,0,1,12,6.7,6.1,75.0,101.2,28,111,4.0,0,4,4,2,2,3,155,3,11,0,0,33:11,2023,gamelog2023
18,Sat,January 6,boxscore,W,,@,Indianapolis Colts,23,19,20,26,246,2,0,2,18,10.2,8.8,76.9,131.2,28,60,2.1,1,1,1,2,3,6,298,5,13,0,1,29:18,2023,gamelog2023
19,Sat,January 13,boxscore,W,,,Cleveland Browns,45,14,17,22,280,3,0,0,0,12.7,12.7,77.3,158.1,22,76,3.5,1,1,1,6,6,4,184,2,8,0,0,24:34,2023,playoff_gamelog2023
20,Sat,January 20,boxscore,L,,@,Baltimore Ravens,10,34,19,33,175,0,0,0,0,5.3,5.3,57.6,72.2,14,38,2.7,0,1,2,1,1,5,217,4,12,0,1,22:25,2023,playoff_gamelog2023
1,Sun,September 10,boxscore,L,,@,Baltimore Ravens,9,25,17,22,155,0,1,4,14,7.7,6.0,77.3,76.9,32,110,3.4,3,1,1,2,2,5,249,8,15,0,0,30:55,2023,gamelog_opp2023
2,Sun,September 17,boxscore,L,,,Indianapolis Colts,20,31,25,33,227,1,0,0,0,6.9,6.9,75.8,104.0,23,126,5.5,3,1,1,4,4,5,220,6,12,0,0,25:02,2023,gamelog_opp2023
3,Sun,September 24,boxscore,W,,@,Jacksonville Jaguars,37,17,29,42,288,1,1,0,0,6.9,6.9,69.0,86.2,27,116,4.3,1,1,3,2,2,2,94,5,13,0,1,32:03,2023,gamelog_opp2023
4,Sun,October 1,boxscore,W,,,Pittsburgh Steelers,30,6,18,28,111,0,1,3,21,4.7,3.6,64.3,57.3,25,114,4.6,0,2,2,0,0,5,238,6,14,0,1,27:25,2023,gamelog_opp2023
5,Sun,October 8,boxscore,L,,@,Atlanta Falcons,19,21,29,38,351,1,0,0,0,9.2,9.2,76.3,112.9,36,96,2.7,1,2,2,1,1,5,200,7,14,0,0,35:32,2023,gamelog_opp2023
6,Sun,October 15,boxscore,W,,,New Orleans Saints,20,13,33,51,341,1,1,2,16,7.0,6.4,64.7,82.2,25,89,3.6,0,2,4,1,1,3,126,6,15,0,2,31:33,2023,gamelog_opp2023
8,Sun,October 29,boxscore,L,,@,Carolina Panthers,13,15,22,31,180,1,0,6,55,7.6,4.9,71.0,96.2,24,44,1.8,0,3,3,0,1,4,203,5,14,1,2,30:29,2023,gamelog_opp2023
9,Sun,November 5,boxscore,W,,,Tampa Bay Buccaneers,39,37,21,30,251,2,0,2,14,8.8,7.8,70.0,117.5,31,81,2.6,2,3,3,4,4,4,202,3,13,2,2,31:20,2023,gamelog_opp2023
10,Sun,November 12,boxscore,W,,@,Cincinnati Bengals,30,27,27,40,314,2,2,4,33,8.7,7.1,67.5,86.9,16,66,4.1,1,2,2,3,3,5,259,6,14,1,1,28:30,2023,gamelog_opp2023
11,Sun,November 19,boxscore,W,,,Arizona Cardinals,21,16,20,30,196,1,1,3,18,7.1,5.9,66.7,82.1,25,123,4.9,1,1,1,1,1,2,107,3,10,1,4,28:45,2023,gamelog_opp2023
12,Sun,November 26,boxscore,L,,,Jacksonville Jaguars,21,24,23,38,364,1,1,0,0,9.6,9.6,60.5,90.2,30,81,2.7,1,3,4,1,1,2,77,7,13,0,0,33:54,2023,gamelog_opp2023
13,Sun,December 3,boxscore,W,,,Denver Broncos,22,17,15,26,164,1,3,3,22,7.2,5.7,57.7,49.7,30,118,3.9,1,1,1,2,2,6,266,0,11,3,3,26:56,2023,gamelog_opp2023
14,Sun,December 10,boxscore,L,,@,New York Jets,6,30,27,36,268,2,0,4,33,8.4,6.7,75.0,114.1,26,79,3.0,1,3,3,3,3,5,238,6,15,1,1,37:05,2023,gamelog_opp2023
15,Sun,December 17,boxscore,W,OT,@,Tennessee Titans,19,16,17,26,138,0,1,7,61,7.7,4.2,65.4,62.7,30,66,2.2,1,1,1,1,2,8,362,5,15,1,1,33:28,2023,gamelog_opp2023
16,Sun,December 24,boxscore,L,,,Cleveland Browns,22,36,28,44,364,3,2,1,10,8.5,8.1,63.6,93.4,30,54,1.8,2,0,0,2,2,3,148,6,16,4,6,33:34,2023,gamelog_opp2023
17,Sun,December 31,boxscore,W,,,Tennessee Titans,26,3,18,26,134,0,0,6,50,7.1,4.2,69.2,81.2,21,53,2.5,0,1,1,0,0,5,248,1,12,2,4,26:49,2023,gamelog_opp2023
18,Sat,January 6,boxscore,W,,@,Indianapolis Colts,23,19,13,24,133,0,0,1,8,5.9,5.3,54.2,70.3,37,227,6.1,1,3,4,0,0,4,216,1,11,0,1,30:42,2023,gamelog_opp2023
19,Sat,January 13,boxscore,W,,,Cleveland Browns,45,14,34,46,268,1,2,4,39,6.7,5.4,73.9,77.1,20,56,2.8,1,0,0,2,2,4,176,7,15,0,4,35:26,2023,playoff_gamelog_opp2023
20,Sat,January 20,boxscore,L,,@,Baltimore Ravens,10,34,16,22,123,2,0,3,29,6.9,4.9,72.7,116.3,42,229,5.5,2,2,2,4,4,4,169,4,12,2,2,37:35,2023,playoff_gamelog_opp2023
1,Sun,September 10,boxscore,L,,,Green Bay Packers,20,38,24,37,189,1,1,4,27,5.8,4.6,64.9,75.2,29,122,4.2,1,2,2,0,0,4,212,3,13,1,2,30:43,2023,gamelog2023
2,Sun,September 17,boxscore,L,,@,Tampa Bay Buccaneers,17,27,16,29,169,1,2,6,42,7.3,4.8,55.2,55.1,16,67,4.2,1,1,1,2,2,5,232,6,13,0,0,24:04,2023,gamelog2023
3,Sun,September 24,boxscore,L,,@,Kansas City Chiefs,10,41,11,22,87,1,1,3,12,4.5,3.5,50.0,56.4,26,116,4.5,0,1,1,1,1,5,229,4,12,1,2,23:47,2023,gamelog2023
4,Sun,October 1,boxscore,L,,,Denver Broncos,28,31,28,35,300,4,1,4,35,9.6,7.7,80.0,128.6,31,171,5.5,0,0,0,4,4,2,90,6,12,1,3,33:49,2023,gamelog2023
5,Thu,October 5,boxscore,W,,@,Washington Commanders,40,20,15,29,273,4,0,3,9,9.7,8.5,51.7,124.0,32,178,5.6,0,4,4,4,4,3,131,7,15,1,1,30:04,2023,gamelog2023
6,Sun,October 15,boxscore,L,,,Minnesota Vikings,13,19,16,24,113,0,2,5,28,5.9,3.9,66.7,42.5,36,162,4.5,1,2,2,1,1,4,176,6,14,0,1,35:11,2023,gamelog2023
7,Sun,October 22,boxscore,W,,,Las Vegas Raiders,30,12,21,29,150,1,0,2,12,5.6,4.8,72.4,95.5,38,173,4.6,2,1,1,3,4,3,120,8,13,0,1,34:06,2023,gamelog2023
8,Sun,October 29,boxscore,L,,@,Los Angeles Chargers,13,30,25,37,222,0,2,1,10,6.3,5.8,67.6,60.9,25,73,2.9,2,0,0,1,1,3,126,6,14,1,4,28:32,2023,gamelog2023
9,Sun,November 5,boxscore,L,,@,New Orleans Saints,17,24,18,30,212,2,3,2,8,7.3,6.6,60.0,64.2,32,156,4.9,0,1,2,2,2,2,95,6,12,1,1,30:40,2023,gamelog2023
10,Thu,November 9,boxscore,W,,,Carolina Panthers,16,13,20,33,162,0,0,0,0,4.9,4.9,60.6,73.0,37,133,3.6,1,3,3,1,1,6,280,6,15,1,1,33:31,2023,gamelog2023
11,Sun,November 19,boxscore,L,,@,Detroit Lions,26,31,16,23,151,1,0,2,18,7.3,6.0,69.6,101.9,46,183,4.0,1,4,4,2,2,2,91,5,13,2,2,40:24,2023,gamelog2023
12,Mon,November 27,boxscore,W,,@,Minnesota Vikings,12,10,27,37,199,0,0,3,18,5.9,5.0,73.0,85.3,28,118,4.2,0,4,5,0,0,3,137,8,18,1,1,35:50,2023,gamelog2023
14,Sun,December 10,boxscore,W,,,Detroit Lions,28,13,19,33,194,1,0,3,29,6.8,5.4,57.6,84.7,30,142,4.7,2,3,3,1,2,3,129,6,14,1,2,33:19,2023,gamelog2023
15,Sun,December 17,boxscore,L,,@,Cleveland Browns,17,20,19,40,148,1,2,3,18,4.2,3.4,47.5,44.6,27,88,3.3,0,1,1,2,2,10,448,4,18,0,2,29:00,2023,gamelog2023
16,Sun,December 24,boxscore,W,,,Arizona Cardinals,27,16,15,27,170,1,1,1,0,6.3,6.1,55.6,71.5,39,250,6.4,2,2,2,3,3,5,260,8,15,0,0,34:32,2023,gamelog2023
17,Sun,December 31,boxscore,W,,,Atlanta Falcons,37,17,20,32,240,1,0,3,28,8.4,6.9,62.5,95.8,37,192,5.2,3,3,4,4,4,4,195,6,16,1,2,37:14,2023,gamelog2023
18,Sun,January 7,boxscore,L,,@,Green Bay Packers,9,17,11,16,117,0,0,5,31,9.3,5.6,68.8,89.8,25,75,3.0,0,3,3,0,0,3,137,3,11,1,1,28:36,2023,gamelog2023
1,Sun,September 10,boxscore,L,,,Green Bay Packers,20,38,15,27,237,3,0,1,8,9.1,8.5,55.6,122.0,32,92,2.9,1,1,1,5,5,5,249,9,16,1,2,29:17,2023,gamelog_opp2023
2,Sun,September 17,boxscore,L,,@,Tampa Bay Buccaneers,17,27,26,34,317,1,0,0,0,9.3,9.3,76.5,114.5,34,120,3.5,1,2,3,3,3,4,211,8,15,1,1,35:56,2023,gamelog_opp2023
3,Sun,September 24,boxscore,L,,@,Kansas City Chiefs,10,41,27,38,303,3,2,0,0,8.0,8.0,71.1,98.9,37,153,4.1,2,2,2,5,5,1,55,10,14,0,0,36:13,2023,gamelog_opp2023
4,Sun,October 1,boxscore,L,,,Denver Broncos,28,31,21,28,214,3,0,1,9,8.0,7.4,75.0,132.1,19,97,5.1,0,1,1,4,4,4,163,6,11,0,0,26:11,2023,gamelog_opp2023
5,Thu,October 5,boxscore,W,,@,Washington Commanders,40,20,37,51,359,2,1,5,29,7.6,6.4,72.5,96.8,10,29,2.9,0,2,3,0,0,2,103,6,12,0,1,29:56,2023,gamelog_opp2023
6,Sun,October 15,boxscore,L,,,Minnesota Vikings,13,19,21,31,174,1,0,2,7,5.8,5.3,67.7,92.7,22,46,2.1,0,2,3,1,2,5,249,2,13,1,2,24:49,2023,gamelog_opp2023
7,Sun,October 22,boxscore,W,,,Las Vegas Raiders,30,12,27,45,196,1,3,1,8,4.5,4.3,60.0,49.9,14,39,2.8,0,2,3,0,0,2,82,2,9,2,2,25:54,2023,gamelog_opp2023
8,Sun,October 29,boxscore,L,,@,Los Angeles Chargers,13,30,31,40,298,3,0,0,0,7.5,7.5,77.5,122.7,25,54,2.2,0,3,3,3,3,2,88,7,13,0,1,31:28,2023,gamelog_opp2023
9,Sun,November 5,boxscore,L,,@,New Orleans Saints,17,24,26,35,214,3,0,0,0,6.1,6.1,74.3,118.0,27,87,3.2,0,1,2,3,3,4,164,7,14,0,1,29:20,2023,gamelog_opp2023
10,Thu,November 9,boxscore,W,,,Carolina Panthers,16,13,21,38,170,0,0,3,15,4.9,4.1,55.3,66.8,16,43,2.7,0,2,3,1,1,6,272,3,15,3,3,26:29,2023,gamelog_opp2023
11,Sun,November 19,boxscore,L,,@,Detroit Lions,26,31,23,35,223,2,3,2,13,6.7,6.0,65.7,66.7,22,115,5.2,2,0,0,3,3,2,97,8,11,0,0,19:36,2023,gamelog_opp2023
12,Mon,November 27,boxscore,W,,@,Minnesota Vikings,12,10,22,32,169,1,4,2,16,5.8,5.0,68.8,52.2,17,73,4.3,0,1,1,1,1,3,116,2,9,0,2,24:10,2023,gamelog_opp2023
14,Sun,December 10,boxscore,W,,,Detroit Lions,28,13,20,35,127,1,2,4,34,4.6,3.3,57.1,50.5,24,140,5.8,1,0,0,1,2,4,207,6,15,1,5,26:41,2023,gamelog_opp2023
15,Sun,December 17,boxscore,L,,@,Cleveland Browns,17,20,29,45,348,2,3,4,31,8.4,7.1,64.4,75.0,18,29,1.6,0,2,2,2,2,9,390,4,16,1,1,31:00,2023,gamelog_opp2023
16,Sun,December 24,boxscore,W,,,Arizona Cardinals,27,16,24,38,213,2,0,2,17,6.1,5.3,63.2,95.6,20,93,4.7,0,1,1,1,1,6,313,7,16,0,1,25:28,2023,gamelog_opp2023
17,Sun,December 31,boxscore,W,,,Atlanta Falcons,37,17,13,33,173,1,4,2,7,5.5,4.9,39.4,27.3,24,134,5.6,1,1,3,2,2,3,128,4,13,0,1,22:46,2023,gamelog_opp2023
18,Sun,January 7,boxscore,L,,@,Green Bay Packers,9,17,27,32,308,2,0,1,8,9.9,9.3,84.4,127.6,27,124,4.6,0,1,2,2,2,0,0,7,10,0,0,31:24,2023,gamelog_opp2023
